{
  "com.badlogic.gdx.graphics.g2d.BitmapFont": {
    "default-font": {"file": "default.fnt"},
    "small-font": {"file": "font-small.fnt"}
  },
  "com.badlogic.gdx.graphics.Color": {
    "black": {"a": 1, "b": 0, "g": 0, "r": 0},
    "white": {"a": 1, "b": 1, "g": 1, "r": 1},
    "green": {"a": 1, "b": 0, "g": 1, "r": 0},
    "red": {"a": 1, "b": 0, "g": 0, "r": 1},
    "blue": {"a": 1, "b": 1, "g": 0, "r": 0},
    "grey": {"a": 1, "b": 0.32, "g": 0.32, "r": 0.32},
    "vis-blue": {"a": 1, "b": 0.886, "g": 0.631, "r": 0.105},
    "vis-red": {"a": 1, "b": 0.047, "g": 0, "r": 0.862},
    "menuitem": {"a": 1, "b": 0.65, "g": 0.65, "r": 0.65},
    "link-label": {"a": 1, "b": 0.886, "g": 0.631, "r": 0.105}
  },
  "com.badlogic.gdx.scenes.scene2d.ui.Skin$TintedDrawable": {
    "dialogDim": {"name": "white", "color": {"r": 0, "g": 0, "b": 0, "a": 0.45}}
  },
  "com.badlogic.gdx.scenes.scene2d.ui.Button$ButtonStyle": {
    "default": {"down": "button-down", "up": "button"},
    "blue": {"down": "button-blue-down", "up": "button-blue"},
    "toggle": {"checked": "button-down", "down": "button-down", "up": "button"}
  },
  "com.badlogic.gdx.scenes.scene2d.ui.TextButton$TextButtonStyle": {
    "default": {"over": "button-over", "disabled": "button", "font": "default-font", "fontColor": "white", "disabledFontColor": "grey", "down": "button-down", "up": "button"},
    "blue": {"over": "button-blue-over", "disabled": "button", "font": "default-font", "fontColor": "white", "disabledFontColor": "grey", "down": "button-blue-down", "up": "button-blue"},
    "toggle": {"font": "default-font", "fontColor": "white", "checked": "button-down", "down": "button-down", "up": "button", "over": "button-over", "disabled": "button", "disabledFontColor": "grey"}
  },
  "com.badlogic.gdx.scenes.scene2d.ui.ImageButton$ImageButtonStyle": {
    "default": {"down": "button-down", "up": "button"},
    "blue": {"down": "button-blue-down", "up": "button-blue"},
    "toggle": {"checked": "button-down", "down": "button-down", "up": "button"}
  },
  "com.badlogic.gdx.scenes.scene2d.ui.ImageTextButton$ImageTextButtonStyle": {
    "default": {"down": "button-down", "up": "button", "over": "button-over", "disabled": "button", "font": "default-font", "fontColor": "white", "disabledFontColor": "grey"},
    "blue": {"down": "button-blue-down", "up": "button-blue", "over": "button-blue-over", "disabled": "button", "font": "default-font", "fontColor": "white", "disabledFontColor": "grey"},
    "toggle": {"checked": "button-down", "down": "button-down", "up": "button", "font": "default-font", "fontColor": "white", "over": "button-over", "disabled": "button", "disabledFontColor": "grey"}
  },
  "com.badlogic.gdx.scenes.scene2d.ui.ScrollPane$ScrollPaneStyle": {
    "list": {"vScroll": "scroll", "vScrollKnob": "scroll-knob-vertical", "hScroll": "scroll-horizontal", "hScrollKnob": "scroll-knob-horizontal"},
    "default": {"background": "border", "vScroll": "scroll", "vScrollKnob": "scroll-knob-vertical", "hScroll": "scroll-horizontal", "hScrollKnob": "scroll-knob-horizontal"}
  },
  "com.badlogic.gdx.scenes.scene2d.ui.SelectBox$SelectBoxStyle": {
    "default": {
      "background": "default-select",
      "scrollStyle": "default",
      "listStyle": {
        "font": "default-font",
        "selection": "padded-list-selection",
        "background": "select-box-list-bg"
      },
      "font": "default-font",
      "fontColor": "white",
      "disabledFontColor": "grey"
    }
  },
  "com.badlogic.gdx.scenes.scene2d.ui.SplitPane$SplitPaneStyle": {
    "default-vertical": {"handle": "splitpane-vertical"},
    "default-horizontal": {"handle": "splitpane"}
  },
  "com.badlogic.gdx.scenes.scene2d.ui.Window$WindowStyle": {
    "default": {"titleFont": "default-font", "background": "window", "titleFontColor": "white"},
    "resizable": {"background": "window-resizable", "titleFont": "default-font", "titleFontColor": "white"},
    "noborder": {"background": "window-noborder", "titleFont": "default-font", "titleFontColor": "white"},
    "dialog": {"stageBackground": "dialogDim", "titleFont": "default-font", "background": "window", "titleFontColor": "white"}
  },
  "com.badlogic.gdx.scenes.scene2d.ui.ProgressBar$ProgressBarStyle": {
    "default-horizontal": {"background": "progressbar", "knob": "progressbar-filled", "knobBefore": "progressbar-filled"},
    "default-vertical": {"background": "progressbar-vertical", "knob": "progressbar-filled-vertical", "knobBefore": "progressbar-filled-vertical"}
  },
  "com.badlogic.gdx.scenes.scene2d.ui.Slider$SliderStyle": {
    "default-horizontal": {"background": "slider", "knob": "slider-knob", "knobOver": "slider-knob-over", "knobDown": "slider-knob-down", "disabledKnob": "slider-knob-disabled"},
    "default-vertical": {"background": "slider-vertical", "knob": "slider-knob", "knobOver": "slider-knob-over", "knobDown": "slider-knob-down", "disabledKnob": "slider-knob-disabled"}
  },
  "com.badlogic.gdx.scenes.scene2d.ui.Label$LabelStyle": {
    "default": {"font": "default-font", "fontColor": "white"},
    "link-label": {"fontColor": "link-label", "font": "default-font"},
    "small": {"font": "small-font", "fontColor": "white"},
    "menuitem-shortcut": {"font": "default-font", "fontColor": "menuitem"}
  },
  "com.badlogic.gdx.scenes.scene2d.ui.TextField$TextFieldStyle": {
    "default": {"font": "default-font", "fontColor": "white", "disabledFontColor": "grey", "selection": "selection", "background": "textfield", "cursor": "cursor", "messageFont": "default-font", "messageFontColor": "grey"},
    "small": {"font": "small-font", "fontColor": "white", "disabledFontColor": "grey", "selection": "selection", "background": "textfield", "cursor": "cursor", "messageFont": "default-font", "messageFontColor": "grey"}
  },
  "com.badlogic.gdx.scenes.scene2d.ui.CheckBox$CheckBoxStyle": {
    "default": {"checkboxOn": "check-on", "checkboxOff": "check-off", "font": "default-font", "fontColor": "white", "disabledFontColor": "grey"},
    "radio": {"checkboxOn": "radio-on", "checkboxOff": "radio-off", "font": "default-font", "fontColor": "white", "disabledFontColor": "grey"}
  },
  "com.badlogic.gdx.scenes.scene2d.ui.List$ListStyle": {
    "default": {"fontColorUnselected": "white", "selection": "padded-list-selection", "fontColorSelected": "white", "font": "default-font"}
  },
  "com.badlogic.gdx.scenes.scene2d.ui.Touchpad$TouchpadStyle": {
    "default": {"background": "default-pane", "knob": "touchpad-knob"}
  },
  "com.badlogic.gdx.scenes.scene2d.ui.Tree$TreeStyle": {
    "default": {"minus": "tree-minus", "plus": "tree-plus", "selection": "tree-selection", "over": "tree-over"}
  },
  "com.badlogic.gdx.scenes.scene2d.ui.TextTooltip$TextTooltipStyle": {
    "default": {"background": "default-pane", "label": {"font": "default-font", "fontColor": "white"}}
  }
}

